status_label0,duration_label0,credit_history_label0,purpose_label0,amount_label0,savings_label0,employment_duration_label0,installment_rate_label0,personal_status_sex_label0,other_debtors_label0,present_residence_label0,property_label0,age_label0,other_installment_plans_label0,housing_label0,number_credits_label0,job_label0,people_liable_label0,telephone_label0,foreign_worker_label0
0.0019951246105162313,1.0725529451346847,0.1444579626967917,-0.31583029787678496,0.5151855415238692,0.08777588312297126,-0.001292308243733147,0.30748287519666495,-0.09905197672498596,-0.00044646252917209797,-0.05442659850413447,0.0012091323141476499,-0.19785312199331698,-0.0023345110532783306,-0.0005092310215926395,-0.00026422364629634387,-0.0022609665488471306,-0.0018344718784414349,0.0015096010691728057,0.0013532665765334517
8.222305379022321e-05,-0.12841341074206997,0.473271836408967,-0.3461441067508589,0.036599470870713705,0.0009309257225033911,5.009543431884583e-05,-0.00028208399943157616,-0.32467757554328025,-0.00047802183825696034,-0.16906554771732119,0.28893578004572384,0.19933018758377147,0.0016672614399852366,-0.0009819221045691928,-0.0008428578834471023,-0.0008511762837501455,-0.00025059630077299555,0.00038707781201836877,-0.00014548171780831565
-1.9926897206427503,-0.0150993439949757,-0.004061775991219596,-0.07589887382980962,1.1096607909320282,0.8794258780623384,0.003208806683302299,0.001574072968172108,-0.0006936195310504209,-0.0031454326343552247,-0.13499438075233175,-0.0013332003686973373,-0.031288490180616454,-0.0006618871239511351,-0.0016516182293215252,0.0006791653270248897,-0.00029516498397808217,-0.00010389377315664361,-0.001633093039090705,0.0036832392636429456
-1.6047822716407882,-0.09193412655592309,0.47106697223411986,-0.7059121466331345,0.6873205279230719,0.6473256940245694,0.42897343786802,-0.002659312166511755,0.004069632372611418,-0.006510657060259951,-0.001163261295994919,0.2236680557239489,0.272603160845977,-0.0032798687799702017,0.0032216847414934017,-0.003694576115663149,0.0012205511049666064,0.002164364757772569,-0.003126546435317956,0.003621024660196537
0.000940160134020369,-0.0015963976333495666,0.1619995718543689,0.4004545486972113,0.31245017961377825,0.40789692837229347,0.003876878986687782,0.0007267564412373023,-0.0036142967588768927,0.0012551500628823283,-0.11704129653970749,0.24736089167313594,0.0007141564591229935,0.00046493223185004794,-0.00492701017810368,0.0010074688228045238,0.001319671376771551,0.0008353042333016508,-0.001442450475741458,-0.0011000052422440731
-1.552663732890915,0.357201837063086,0.0017060275567913276,-0.12728712655095692,0.8195253730033986,0.48327612818487165,0.45430449598150524,0.3604206088202021,-0.3781036814301425,-0.00296320665421505,-0.17238257798755396,-0.09239617257906645,-0.19327158454763427,-0.0027684616373471536,8.292469509778357e-05,9.937967443866907e-05,0.004827396068764464,0.0057593724883728825,0.14076653946361617,-0.0021654992745490376
0.0004777618470086567,0.0006237664737914622,-0.0006368542578616002,-0.001127944377652692,0.3018516626893097,0.05539605582382145,0.0002166239415097547,0.001865464728580001,0.0012832990348706766,0.00036585802732720603,-0.0009236225752105499,-0.0005905332625297462,-0.0012607881814265221,-0.0013408592246794014,-0.16225065412790446,-5.136854718602817e-05,-0.06640417694255814,-0.00017465123960437416,0.247908033889293,0.0006203610152794026
3.01838608757839e-08,-0.38985000889168736,1.2156460456800517e-08,-4.2394654502328884e-10,0.5477099712667197,0.3954192876197457,1.420409746917461e-08,7.453411493197031e-09,-0.3832455412616944,2.0093546289082606e-08,-1.9893331096149672e-08,1.9248800128026595e-09,-0.25059931437052624,-7.709446605671584e-11,-1.7401194975606613e-08,-3.690482311253254e-09,1.550383599836733e-08,-1.3353511810199059e-08,-1.0251599319444082e-08,-2.335790383334313e-08
-3.2741024320295745e-08,0.4714028267496143,-0.44674280577514053,8.518143903816206e-09,0.6193073955491922,0.13951364981225084,0.6210271998996724,-1.969305592159642e-08,-1.5168737913792855e-08,-2.971316654981634e-09,1.1177559308989054e-08,-1.4008791475944665e-09,0.1474109617038893,-0.30074611902863485,1.8533700745549863e-08,4.099615046996387e-09,-0.13489755605856796,-0.20887988459356535,2.0408113532432992e-08,-5.297482663646491e-08
-1.7526777549042747,0.002901944978294463,-0.15659115569752532,0.0030511075623352825,0.4231529281039978,0.24015488486572031,0.8708949693415515,0.13339552757337167,-0.3544921472703405,-0.000795476076764046,-0.17093617798388866,-0.05073765492555031,-0.11684224240677088,-0.002518675209712002,-0.12558687401308957,-0.002211012957517326,0.0016716801240530775,-0.003416335449543541,0.2352300198211132,-0.0017094662917014336
-0.0018272933714005744,-0.0003126977651120577,0.0007977724860489423,0.45817950460104295,0.8138939321516586,0.38118349237838006,0.0012128802285126341,0.1901004520368713,-0.2800586639439588,-0.0047205852759048695,-0.0011950143808619705,-0.00025997514153613255,0.000841706508540989,0.0007323573848497216,-0.17444582420136315,0.000511182600466998,-0.0003524461086821427,-0.0020497342644689304,0.248735330754694,0.00028454833841462523
-3.4416210436161462e-09,-0.3898499569158134,9.013177924444304e-09,0.47556494628242246,0.44727169693095375,0.24963581883173486,1.0977127244309196e-08,2.3588808466394786e-08,-1.2389890205865817e-08,-1.699094317989522e-09,1.6337252310246553e-09,-1.3247138950759385e-08,-0.25059944338876233,4.648705871176665e-10,-1.3422927556653341e-08,2.6010011910608634e-09,9.925556239206606e-09,5.1364147102272995e-09,-9.013361855492175e-09,-5.65932511964462e-09
-1.8418609866285596,0.7095697188439725,0.6978040004873286,0.37338193382546697,0.35829135288570313,0.0007131564869629944,0.45509610712196663,-0.001497463539935946,-0.002980658006546284,0.0001307783793636596,-0.16805561593317797,0.2755617789002076,0.23963989992058976,-0.0022149702087412475,-0.0005054433483257086,-0.00011680670011669049,-0.00033808343415275973,0.0007713618285906665,-0.0038747938317791886,-0.00022759830835306083
-0.001542596486131874,1.0101668516879998,-0.25135569116767914,-0.27761983857826494,0.0020114648531883903,0.08292497164478548,0.0010691271867079028,-0.004143993009615747,0.0018908670998409444,-0.0007349185279266297,0.49910531430320354,-0.14971240783924444,0.02694587833467851,-0.31707680186149273,-0.1770815980868047,0.00023619178072795333,0.0018315135100336179,0.002308856998508718,0.0004954099758426866,-0.00014722033023945036
-0.0025595209772187794,-0.00010371667704339727,-0.003057264231737912,0.45861583217963336,0.29739360091039213,0.34527038572534635,-0.17414521606190717,0.2774092260595872,-0.28462292661710525,-2.9582897848041492e-05,-0.0034776596309522415,-0.08072649611681881,-0.17733239584897845,0.0002097387250807117,-0.13308110568166967,0.004057365713203197,-0.008246834503790984,0.002104343194133499,0.15451993284383606,0.0023245441251669163
0.002052425222787785,0.34186641285521224,0.4548643504938908,-0.12974889315688093,0.21620266042650113,0.05846993802361563,0.6731151946107856,0.02102615943233911,-0.1974937502757787,-0.0018642329345245703,-0.0002742861685267818,0.002231967086246103,0.18516849002869612,0.0033611791479750586,-0.1196776654483457,-0.0027444286102142387,-0.004828784714179516,-0.001056445186629229,0.24745339956719742,-0.0016851077846242735
-0.8896293541436803,1.2175787356046817,0.4063451407217221,-0.6080303674672305,0.09756655953523652,0.00039721860998195656,0.3079206731491461,0.3195760513209972,0.0046169922587551366,-0.007160926463600079,4.9760947027215834e-05,0.2974149553477035,0.2865560819046851,0.0007780707313694449,-0.0003530263727122868,0.0022583850155504805,0.006556658870711354,-0.10645823788989012,-0.0011017524748032081,0.006060585328411916
-1.3403305204188358,0.12286033294745342,-0.2950809201228081,-0.29699342854196603,0.44667939841043014,0.25332735442731574,-0.19709888409565698,0.6352043253092646,-0.0021222694216007894,-0.005614508964691785,-0.2786840874646698,-0.07460833733414825,0.20656742646549967,-0.2686651362743091,-0.0016279759278082166,0.006819104867607393,-0.06713154928786846,-0.12515056923434353,0.19466385842990536,0.005795701817809418
-0.0004111915627139745,-0.17597387471540354,-0.0018723419073999345,-0.5612200328591105,0.7776464807127714,0.4760591614193933,0.3852662220588686,-0.0012929839910363573,0.00047399895212799466,0.0008763167055882133,-0.15438042071903724,-0.045487885448098876,0.12705942470791212,-0.00026629246681109494,0.0009756333242890745,0.00033972860397750557,-0.00012876059836949486,0.00032907429272865593,-0.0012653028118245575,-0.00153420268072324
-1.9178555790719107,1.0485561686050766,0.006063434260685253,-0.3059740361165708,0.769574146591871,-0.00321269948432706,-0.2608331257470172,-0.008121313316643312,-0.0071125938071099635,0.0010041289319054649,0.49807009464976143,0.30339204305368994,0.017312554876801018,-0.008307809027807546,-0.008516037454410874,-9.633804597387711e-05,-0.024713829113652244,-0.15006429902873708,0.003810401411548092,0.004876784588402253
-0.0007022645713964802,0.0014323105072708286,0.41348974386746584,-0.00023974919680433293,0.3640618049383567,0.11107218645038507,0.8423815486944213,-9.809754569750768e-05,0.0005258235423072483,-6.057385131485092e-05,0.00173416621656908,-0.020428821752117406,0.3082557498013296,-0.3004459073683447,-0.000826529584092345,0.0006754240174246486,0.00039817831714571237,-0.0010455959186543712,0.0007887293496502135,-9.91261562088841e-05
-1.65735413422878,-0.2860150561159089,-0.03895375879733583,-0.10222048732936223,0.07555326342117982,0.43956160740747374,0.6151107079318366,0.6556564555266998,-0.006468279854901872,0.005026585920449228,-0.12152527520171895,-0.07202275408930099,0.3233069882888182,-0.013147537759727592,0.0005330191421422666,0.004732190782559377,-0.05267419332444728,-0.09000028195074516,0.17988597785371221,0.008793524424280857
-2.1023544213556455,0.5260328489042763,-0.3168767503214734,-0.5842656761208327,-0.001150011726770077,0.12496887167669457,0.0027768665208531816,0.2630492242170346,-0.0007808304441785143,-0.0005797699003277405,-0.10432027277559545,-0.06769126142964325,-0.07108990933935601,-0.003155956089312878,-0.15531493361891732,7.939228228453673e-05,-0.004783230312817342,-0.0020802612859476544,0.004404908998692017,-0.0002685017743364604
-2.010147143092188,-0.7260353854279682,-0.0015207773668066713,-0.08376514612145868,-0.40888138515022615,0.0016147288794901794,-0.0022157828663325174,0.3591383799213541,-0.0038853909320520764,0.005339829021171272,-0.06542418265068502,0.0037186930797498572,-0.25937093873132294,-0.003303865423744507,-0.0038961857538887235,-0.0013461952737672369,0.001992326449334436,-0.003619152454111624,0.13568272999506412,0.0018734316171280518
-0.0005829308559975538,-0.08839933960306667,0.0004148248409931363,-0.20238528496771083,0.30402075904866976,-0.0011264152537794837,0.5944570019727345,0.00029497513226170853,-0.00021312824845207644,0.00023012069943438926,0.35945217022003045,0.0006780933182933776,0.049661549282268666,-0.3010350462968132,-0.0006116084332998279,-0.0005850700339353833,0.0013045765413763981,5.681101772534239e-05,0.28776669947172145,0.00019779533795660775
-1.0835226377971645,0.519706288417082,0.4884816957515181,-0.6121793745252517,0.03757284374231558,0.0005202339320102866,0.38858081992684984,1.0240200005277153e-05,0.0019634424573490667,-0.004911266492005021,-0.0022188708628907397,-0.33767792607271113,0.3558572273987108,0.0023458675482507167,-0.11168641042652126,-0.0021369365321588967,-0.00564862673316769,0.0029736723679073263,0.3474596053328203,0.004214137431333365
-1.8239331930740164,-0.055411992919475454,0.007988974879671408,-0.07711182007351415,-0.017687567771373404,-0.002003382058593554,-0.2830771742755632,0.3865493919596735,-0.04624348964955982,0.008015274959734347,0.3433169680393071,-0.3113571355693972,0.0683985756826484,-0.19112847435062894,0.003681822239271315,-0.010200203960552521,-0.024787083334666987,-0.005986957844697584,0.15364207742603078,0.0007222268023447942
0.00042813122356086584,0.5309169914436535,0.002452665907695792,0.00020195804039299333,0.24765802784454752,0.015096467841325012,-0.26728651007108467,0.3161085939450668,-0.3611540883634033,0.0006984496558676837,-0.001617639341797906,0.3381279196203368,0.10063591880262238,0.0006028956537804945,0.0014780501606949234,0.0004437237975991922,9.053139910048846e-05,-0.00016669335992441914,-0.00012904222383200437,-0.001417101904792828
-2.0445642079861917,0.8837471945543974,0.0022365124513731524,0.0014497906176760666,0.06405653375505815,0.002253596456175328,0.0024597310621822127,0.37028757416760383,-0.0010694353890636137,-0.0016726359872986376,-0.0739657229111485,0.5356853942805383,-0.12433503690752094,-0.0028055217884684503,-0.08340448277364236,-0.0022994189417202683,0.016964114591693304,-0.12337428061721306,0.24842174022699354,-0.002663972239742629
-1.3906829209052078,-0.00972379438778126,0.30647480443767294,-0.13530163310395002,0.8645405248864831,0.7040821651446616,0.45650245171363574,0.009674475272885102,-2.117238017756002e-05,0.0014794592530005498,-0.16912237603717853,-0.00676658332457842,0.07882492184882006,0.00519921038350125,0.002043601330862113,-0.0017511225897442132,-0.0008668047951990618,0.0013490502662475562,0.3207926844996424,0.0006486244159857879
-1.9106534785336036,1.357721839430198,0.00033070963729371817,-0.15760005219447953,0.061192613380757765,0.0018083972032440498,-0.28038723457019704,0.00012986650062961897,-0.3291595814684586,0.0014055722210479069,-0.001966100474350195,-0.021200011456242167,-0.09206816169157601,-0.000712846620745425,0.0016100602622406545,-0.001415673047172073,-0.0006144983916843753,-0.0003058170225918033,0.00043247302265780885,0.0021522335265378167
-1.8722370367073216,1.02065961330376,0.0012987906750610402,-0.05598936954043169,0.6424874698359516,0.0027401730069227755,-0.2705381041639858,-3.7008812278998e-05,-0.19899991011289087,0.0002234799167214803,0.7769730415922478,-0.0002204128689264594,-0.10283770648176462,-0.00046630558055645174,-0.11204135513794719,0.003187803214805622,-0.0028932197863074734,0.0021202472063513444,8.104257130919779e-05,0.0028914755577741924
-1.4300471847611376,0.06914701472410101,-0.002834605632688595,-0.04143238338366478,0.3837231022027045,0.5997405926115593,-0.30827022633794143,0.02230379277510877,-0.08269522179107941,0.000976954113243957,-0.22707949345964348,0.2971186865723718,0.03448023815064278,-0.25581301451277966,0.0006769023875913931,-0.0006551650084534939,-0.005619903915403376,0.004154235090307219,0.3198750116009502,-0.0007723022498911103
-0.0004498355149567106,-0.12532273027885374,-0.0002451667698697935,-0.07875477778905336,0.3805799467184145,0.06323719973830798,-0.0015992863258752893,0.056699757530373755,-0.32441408958941087,8.563595336419677e-05,-0.0007009367938225583,-0.03858760315493986,-0.1576416427202528,-0.0008493597034376685,-0.11861126432134807,-0.00043640486204306697,-0.045627597292705734,0.001515580166004435,-8.938736560135802e-05,0.00038852411528350617
-1.8494216441789086,0.0019664227154313485,0.0020550482048108743,-0.17060853621796532,0.39813266462678176,0.001393446620634923,0.6043921878752456,0.08686067776876248,-0.03165879522420198,0.0012154283874485927,-0.19727939954535972,-0.0005022705812363268,-0.13029983738159293,-0.0015380308948237725,-0.00012933108006607825,0.0022471256674130072,0.0007440921823431664,-0.001172930956253579,0.16685328277327857,-0.0037132269070501156
-0.001125281972320232,-0.26046273144207743,0.24282471047188356,-0.4794397601816469,-0.7966019651103813,0.3922094661762004,0.4226954015840906,-0.0023479545218874276,-0.000908115230360933,-0.00017573917131516616,-0.0031950730249648797,-0.2530274539449723,0.19035816072982498,-0.002461790530366445,-0.11905704017588468,-0.0013479665053942982,0.0030221023941314064,-0.0004097998526352148,0.23248841622845828,0.003171612242247157
0.00097243531572921,-0.21130896244914654,0.00038331026802412426,-0.4513460368918796,0.020807187593126473,0.14716548991484413,0.6009297913602701,-0.00018974085441325118,-0.00023760163172322608,0.0002831799734676204,-0.000507817924552435,-0.0190269290260204,0.2038822280112242,-0.0011742088697171407,-9.179140905731492e-05,0.0012557554587974793,0.000307895191905711,-0.0013096776774822287,0.001681009925447615,-0.001473972850080274
-1.6215539228530675,0.6268087317742826,-0.0024978747327864697,-0.052273547067992414,0.714779195293724,0.1537265018804699,0.0026306813454193083,0.10577394150774201,-0.5286479859555453,0.002609508240300622,-0.2014078457657225,0.27870610053312883,-0.15565566049973042,0.0033964216308753487,-0.0021255724983209184,-0.00040556887738521914,-0.025169967607674003,-0.0009508938530639888,-0.00462091057325309,-0.0003071108661998334
-1.4599125165952553,0.6920508867752839,-1.7816817030244723e-06,-0.4024227611017733,1.2800917436399946,0.4362056678114299,0.0027183377648239164,0.5106996409939858,-0.44501975412603867,-0.0074543888035752785,-0.18320951045259506,0.2920166603880638,0.10280148206346229,-0.0029804359429492482,-0.0009772499456354607,1.058700621499079e-05,-0.0271146075138957,0.012288719259773317,0.010413435058472309,0.008454560668518019
0.00023421501144931607,0.730560040289439,0.4644251160340659,-0.0017449830195246615,-0.0038288047306197824,0.13931840965570794,0.6306727365890595,-0.0010973346825167772,-0.0003766601548054071,-0.0016870546282177414,-0.09761118413222147,-0.016508858705814016,0.16879955808672184,0.0021367919619514624,-0.15257377867859406,-0.001772719206213339,-0.06921635069971716,0.001678836262873351,0.31741622194262975,0.0009778812431813222
-1.6602509628592323,0.3605314472864291,-0.009998782193498555,-0.6299142996184274,0.6787020366025984,-0.00678594459999992,0.38869639492963975,0.3951056251669911,-0.002021391941141296,0.002511819681726826,-0.14290426917128193,-0.0064455793613717345,0.1722689237856074,0.0035380659012929573,0.013796239494046991,0.0028412352319264135,0.0011842884479373805,0.004469142811695678,-0.0015085402255296254,-0.0018779892473242965
-1.8567703791080339,-0.0027309926934705464,0.0010196735188823538,0.36691725687989507,0.8874208253331527,0.5815564591643538,0.48894781346914234,0.2176945545151946,-0.25938215950367577,-0.0013469799319203678,-0.006998511261734305,0.1495772300245622,-0.11224711375842318,0.000528759330562761,-0.0996722809244467,0.00786735907485147,-0.0004112392950141098,-0.00011042156178286966,0.009790541573125214,-0.00446783955565333
-1.446279566001821,0.002299602600994599,0.004503543675118377,-0.690124565117442,0.039282101473029046,-0.0009210715882929455,0.5628249744575297,-9.906300387302802e-05,-0.001963439883137735,-0.0002256348978220737,-0.12932205592406548,-0.24072325923795196,-0.19497716627406714,-0.2204118923707195,-0.0442989574036182,0.0013571458244640948,7.521355340719809e-05,-0.18430936124522862,-0.0006919855527697596,-0.001892645008723104
-1.706692203845268,0.7359527054844804,0.0002341073900721514,0.000990887210920509,0.12156685014368762,0.0017962307510169663,-0.0024517113910079236,0.0030646675948960414,-0.3923897998238134,0.2136165949017522,0.003934879075505698,0.4212540675183197,0.2489742784133596,-0.0018810318658105626,0.0006835035479185101,-0.0011424429280082209,-0.004005322212216613,-0.0003811366599883459,0.3581176796216584,-0.00017245964818035642
-2.3029998031880915e-08,-0.12712263626821257,0.40704128242937004,6.952787950248359e-09,0.3604839504258208,0.22757847601286774,0.7310806259504199,-3.009543193054649e-08,1.783538430180298e-08,2.292552348179926e-08,1.5873710608386325e-08,4.5394767865706436e-08,0.23756768362844582,-2.605046131116768e-08,-3.004682503794695e-08,2.3658448189489658e-08,-2.1366509168346784e-09,9.332701993158832e-09,2.2533885972453316e-08,-3.5868155334739527e-08
0.00046022352720359556,0.9154767476924877,0.0016192254618541662,-0.052092089690065554,0.04803345108649399,0.009436720497745936,-0.0003003922728286973,0.2920633413011805,-0.06080353370405027,0.0007524960329122366,-1.240712708351744e-06,0.42162800194879224,0.07139391159326848,-0.0007675339560579995,-0.0009633475110235244,-0.0005109241793287434,0.00125465323921604,-0.0003052333608607183,0.00045221617821372684,-0.0002763612953058381
-2.27270986021525,-0.054612858217336024,0.0002461801606482927,0.0009180383355485616,0.509601999313217,0.003711551174498091,0.7626203432503509,0.5472198312777561,0.0024197835181557423,0.18141339762045763,-0.1300063207928677,-0.037195836265497946,-0.13155730579807728,0.0024357291508889842,-0.002777112770286708,-0.0021488799317405656,0.0020642441664405968,-0.07279862004726467,0.00012235719745565254,-0.0026805928509561205
-2.4134477890215416,-0.5160279541627613,0.009096180163626986,-0.5566198709853174,0.12190538484962826,-0.0025375687843148644,0.41986934566501755,0.01046167829253015,0.004774338635189931,-0.00014495486588070715,0.006763341415701479,-0.26311684569018123,-0.032411741542293926,-0.16353524011698067,-0.04498047020815074,-0.004337534473985852,0.07869683390743065,-0.004955419574917241,-0.005592762788600186,-0.0029579607717011847
-0.003651607757132032,-0.35147552640816915,0.2458408502667771,0.3846315422748732,-0.7819969144627329,0.07419050821522483,0.0013933460657686008,0.2614462259122177,-0.1754969643352551,-0.0034393247325342504,0.00236081861947874,0.0017322316902373964,-0.23516576462887032,-0.006076191028921014,-0.16557693540947246,-0.004539863522800248,-0.029813568711777375,0.005051094875468093,-0.0021196699916733036,-0.002745718146477172
-2.21929080443848e-08,-0.2991544229670931,-0.26173425651253857,6.803035816293436e-09,0.10500509724608192,3.1025316733954336e-08,-3.566454308586684e-09,-1.2214516844593612e-08,-1.2213196128891794e-08,1.0906126982333082e-08,-0.05075147734671235,-7.202468848845771e-09,-0.2686569729601336,3.690026208863698e-09,7.905092575242319e-09,-2.5112108071682362e-09,-0.04905281729094046,-1.3139148991037075e-08,0.14873515502664866,-1.0985708343014267e-08
-1.8296456875311888,0.6154609516222888,0.7481312969607579,0.004482059728527214,0.05827438233490585,-0.00018345689044622793,0.611224697854861,-0.001380215571119294,-0.23930552948024358,0.002039569467756923,-0.18241436815402942,0.28353662520402323,0.2996350305232474,-0.002986604759822417,-0.005745841419904098,-0.00022530057603826182,0.007108627728945376,0.00797948367350676,0.3198050058903424,0.004368266607113203
0.0038570507819819548,-0.18195938933980815,-0.2536911637696864,-0.07958467349850794,0.2745896723583637,0.2606746318901903,-0.3685510726855698,0.0040459136072580676,-0.003671011094869377,0.001081426170083065,-0.24023845027410803,0.27010595258417835,-0.21834155348862572,-0.34832036132325506,0.003456876984931339,-0.0018280445781933723,-0.16709935063833994,-0.17152607323439037,0.0039119313565269265,-0.00305310322788932
-1.8504661091496382,0.40273149310108425,-0.2698795380794995,-0.1370858121494957,1.1998369713712478,0.0071164903348018525,0.49611283485865904,0.6281185630996224,-0.1508742030433624,0.0013660551665425275,0.0029316566421381295,-0.018089062819079692,-0.003970101463851924,-0.0016023095607565774,-0.004107224680553548,-0.003434754094167671,0.026926485779389435,0.003922177494387918,-0.004871897483457344,-0.005228061970368347
-1.5308994154395064,0.01494301597438924,-0.28700154656185317,-0.04461094686745856,1.542082512707872,1.0131984807754113,-0.002928523207452636,-0.0045506592514898995,0.0025265101841919,0.00199899353316584,-0.15648824440036946,-0.0012959511520276882,0.05159939074216822,-0.26261802909338555,0.005142545072918204,0.0024044030957406626,-0.00046189006044862696,-0.15936024355443637,0.1858478934914155,-0.0029083505232069262
-2.34320436213478,0.0014534980127832997,-0.002778600246032489,-0.42809340441874044,0.8982689791143631,-0.00012409015711759664,0.00666838838543181,0.08532807467929582,-0.004406601847089845,-0.0018488869036255558,-0.17764024038849968,-0.002832239994552302,-0.1251649455629323,0.005869611292099552,-0.0003912704584755693,-0.0005790113984070419,0.0740277175534397,0.002084057163232105,0.0006822121835618963,0.0020368139523445628
-0.002967509166363357,0.0017473275432718371,-0.16962014560773983,-0.08135258568230386,0.9104432763367077,0.28852783704320933,8.952365832962785e-06,0.3742399646102496,0.0003690874120701451,-0.002382341981748664,-0.18199923923596725,-0.10542320174960645,0.2164213938402494,0.002168514620097211,0.001476281310930457,-0.0004532826501023254,-0.000417741104408365,-0.002461786919303273,-0.0004917435231311384,0.0010799148455757912
-1.3756816385165456,-0.16048860245480145,-0.10703155187114204,0.42566733352845365,0.44080220306489615,0.3301085022139631,0.6638081737323998,0.1335004758791916,-0.05653558404553006,-9.967618148217106e-05,-4.353753292001688e-05,0.003975286772839134,0.2114257838483652,-0.21398303080574674,-0.00046941643038474315,-0.00140625998137552,-0.0010664336688792962,-0.004026343408455667,0.1592722489186872,0.0007554264424775581
-0.00023489562606092155,0.0006354274624363054,0.43904126163299195,-0.25957993523890804,0.306047926455945,0.0009005550937842512,0.5820854950313225,0.0006752611944647463,-0.00011215861192539324,4.404108887446611e-05,-0.0008479834062330442,-0.28660960363828986,0.2551032806623322,0.0003547751442282117,-0.06907886631538192,0.0001546885139070015,0.00036333782670190776,-0.20892638430617266,-0.0007776404174580885,-0.00010339813191750924
0.0030020142208428352,0.0007900920642759934,0.29685692342532377,-0.12204415033706364,0.2949658552767561,0.29015487881961216,0.0016535761795202473,-0.000745912801429125,-0.3340803506194165,0.000580100520049531,-0.17492521412789538,-2.5254578756979044e-05,0.09733898170691224,0.0024896042980924273,-0.0008081420264667774,0.0010362093624760955,-0.004044920423344948,0.001395513432466345,0.28203304739269225,0.0005178694953285046
-0.00010960304793567043,0.2336558733890158,0.18219666348017619,-0.05227261160776913,0.5689048306509104,-0.0011720359710593391,-0.001459377194662877,0.0020452250066603683,-0.001899333199309872,-0.0006627444154609381,-0.07731365831179884,-0.12335631244793172,-0.002078713493317086,0.0016506664217480003,-0.06683787655124962,0.0009985006974784487,-4.279501763983054e-05,0.0012451974569815116,0.14478789764506778,-0.0010965374388185456
-1.3981333538088916,0.738288440371452,0.002525187662252244,-0.0027344679444514302,0.09526815033162667,0.00506221768536413,-0.3188369703323532,0.0020044134103195236,-0.02483946496575881,0.24319232371176236,0.5466484263953557,0.4620464517177055,-0.0610261993304907,-0.2133410147802633,-0.00033775860816335563,-0.0005561656765090743,-0.1360400723789766,-0.000977569730314487,0.004068736043277954,-0.0014899746649177231
-1.4416393310254194,1.1886804389029628,-0.36109624023461745,-0.16084393682605086,0.041863821563556655,0.436907264226381,-0.24214705722504132,-0.0020832786660927266,-0.35118567734708617,-0.004420089805980168,-0.029225202930800484,-0.0719751534733505,-0.01875312782836882,-0.20055331161133708,-0.07111591800628439,-0.007555470907175209,-0.001410956637249926,-0.15478929811376033,0.003996169729064913,-0.002589972554054132
-1.566389348104983,-0.16367838121542264,0.0013199817879255078,-0.07855305231805648,1.3315728288367157,0.22597652107681843,-0.0009289144904973166,0.42648709483991337,-0.33684585945952455,0.13480636205765092,5.427078011227154e-05,0.005719661633818269,-0.2107352367115443,-0.20282926460096593,-0.16033920452482037,-0.004445421786915436,-0.002710058071294391,0.0029627786213038704,0.0023089868339885317,0.0005645402612968198
0.0008229788300023018,-0.21374600712866737,-0.0015274245677904814,-0.13028873507526711,0.30839193102655704,4.204627357644631e-05,0.0009748189086201712,0.0027701404578891285,-0.0008682227159582554,0.00027228651104062177,0.001800561856113679,-0.19323078528458193,-0.05120445786322811,-0.31777257780956963,-0.03893937372969509,-0.0008404405082916256,0.0016333940356169823,-0.0004666171942006303,0.3043093161704905,-0.0008011584131758509
-2.0069899761921266,-0.5658813745927616,0.4807178485118044,0.2907200451935543,-0.5753696931566624,-0.0025366922504126894,0.6109978565946924,0.0019236562664994026,-0.0010703511390063238,-0.0015498157585591386,0.002342334838337366,0.0017862334389498727,-0.2218333732360116,-0.0009129914557997041,0.0008721892696476358,0.00048073709931267333,-0.0020346351399310784,-0.0019100415272599036,0.13837582732315112,-0.0013621322584027595
0.0011336332092687894,0.17485440362240628,-0.0011643940490232874,-0.3398365889533186,1.1488439790642653,0.4077515610281068,0.00037842482955608857,0.00787060090770186,-0.0012670164843083358,0.0003017541552684897,-0.0752310845418775,-0.12068984368161514,-0.00025199517810031924,0.0004043134996418151,-0.0004505858566347343,-0.0005101017290709077,0.00012598547619706586,-0.0003863136204385609,0.00027575987872861807,0.0014948308778381936
0.0008728684170039582,0.4703568643676319,-0.001129840550190515,-0.16980471532673783,0.040653029580727716,-0.0005311065377777814,0.6285861203045621,-0.0008352635795443156,-0.0002678891521729796,-0.0009223167789827393,0.0007000491986166219,0.0005060149633425666,-0.009387868795972205,-0.30119094333915986,-0.0018762637251909249,-1.8413150345152612e-05,-0.13339357677684857,-0.20564233705922508,-0.002194357151121318,0.0004730536413673492
-1.7656407991435066,1.7426485938644343,0.6022963460470274,-0.31833364532784003,0.12979110818850423,-0.0019151000304225261,-0.1560424066585754,0.3003845288207691,0.009960066295297242,-0.007046083276887196,-0.0031771455746971884,0.43063370862262856,0.07919509970173605,-0.003122404753356258,0.0010645946326423396,0.0028741639898621023,-0.0015676585899638384,-0.11081939630364473,-0.0002522926942284398,-0.00608941629881532
0.000610123810011121,0.0016660211992797769,0.0006381293935570303,-0.5664539489170106,0.22040204063924457,0.08832824827313696,0.5178367551844946,0.0008545612610929145,0.021193194412604085,0.000889191773547511,0.0004926123448586161,0.2805208902540178,0.0045339116282153025,-0.0015304352347178874,-0.20308140027395294,-0.0006941340642251993,-0.13399434784524752,0.0014887025793595687,-0.001578272885815019,-0.0008979568228922041
-2.456356376379774,0.004559346085168267,0.001276853913017226,-0.5040880816830018,0.1591974918034825,0.47491310828572597,-0.0008054774324951882,0.0005393905138893456,-0.41828597175016324,-0.0014046429893379384,-0.1913902617532737,-0.048617855156329354,0.06078216020591998,0.0018916227898585487,-0.0013992855257282714,0.0030104346003723874,-0.0020580504075523253,0.0018036042911232716,-0.00038022398446334316,-0.001200413651276211
-1.8996563771286765,0.0008441131840555838,-0.00011223786463190591,-0.08796326117868561,0.4310161690230361,-0.000636228709671911,-0.3137110438438729,-0.0011337858735256069,-5.953631994946412e-05,0.2125272018172768,0.6493169918269998,-0.01676256587571375,-0.14170425674658693,-0.001050140322966897,-0.0005470017370594279,-0.0012294383596913147,-0.02222028877893077,0.0008343148156175727,0.0006531219027970173,0.0008724129375539125
-0.00025737595013192865,-0.00044594512902068617,-0.0008694575512921328,0.0015511263963645906,0.6695726367555275,0.2632265751037179,0.6703958391229182,0.038776780678159796,0.001253688330623182,-0.0002847540463958433,-0.001138214341978268,0.0009507113432901702,-0.1466556002448846,-0.000666413371623594,-0.0003765275708307368,0.0009082808052795826,-0.0002833864859313239,-0.0028927443377872036,0.0008243407707936717,0.0006603572796588519
-1.573961935773906,0.7742397794540121,-0.0027101181783485127,-0.04998836146556481,1.0305025966632646,0.0017111331460842457,-0.2890314949677736,0.06610230943645327,-0.34368919263355613,-0.004559068838932376,0.4795970764740137,0.2526503087363491,0.030657911432374393,-0.001260493793403902,-0.1337323037060223,0.004149181892029005,-0.030870443346710328,-0.005272521848033451,-0.0023222968841862812,0.0014373485456209145
-1.180753238577543,-0.10258190425607712,0.7941367362347055,-0.08755044519767052,0.1300042082177304,0.0015042842227331015,-0.16076324439269538,-0.006825284422050454,-0.005407879455016538,0.001425576602838687,0.0011588417801314283,-0.02153416648644275,0.17685262605141153,-0.2564716163483012,0.0046527521005587345,0.000642335760747585,0.03718294185407196,0.0006558585512283586,0.17282994435450746,0.0038584785411532874
-0.005759254691343225,0.24838482205145263,0.3241498150963885,-0.11054692979593182,1.0415003662085511,0.21067986198662483,-0.3121287316273776,0.14347176806888934,-0.0035828014983483414,0.00012043785712493822,0.11603250366829732,-0.1105991901300587,-0.0096934813875181,-0.002873090167118014,0.0024782915482545647,-0.004842667026845232,-0.08772225221166105,-0.12398180488500508,-0.0018990542189338405,-0.00210836780386936
-1.3853801237307044,-0.13724748624327407,-0.19442687648293008,-0.08574272401234725,0.20423082210677362,0.003864718299596275,4.059216058337017e-05,0.49953277161679654,-0.00606038152522637,-0.002141739567951455,0.0022999725722668667,0.28631012828985614,-0.10150657867367438,0.004281158063370116,-0.0011605322520585194,-0.0036989424721257207,0.004181648496403657,-0.14246365142704615,0.18087517877389267,-0.0009178198275575644
-1.2710725123554325,0.0010328323779760368,0.5271973028952256,-0.7660690789042476,0.03917775669089895,0.27597432752001266,0.5233408989455415,0.0006681644691381378,-0.001998600179962577,-0.0011036414183923824,-0.16898967173680488,0.2959109751236139,0.05516253952422607,-0.2510186312016917,-1.2829680874728321e-05,-0.0007511537685658129,-0.0668691121292741,-0.17925170747986086,0.000830843435897486,-0.001566218334279168
0.0010494626769831919,1.1407479501420286,-0.00041580557264788635,-0.05412048289407447,0.037197656039226056,0.004200195103657979,-0.2653008308350786,0.5072865362168758,-0.3383735531478524,1.8315153710915744e-05,-0.054670650443281094,0.3957304081432422,-0.10677147880760324,-0.00029146039252339487,-0.08253511126242437,0.0008381497814557284,-0.04638035674519099,-0.09951067226781296,7.498195753724568e-05,-0.002342926205898932
-0.0008088182940415164,0.4666408577359619,0.0013908931285131572,-0.050111109091460576,-0.00030789127568075825,0.013351567510833362,0.0017944333998080523,0.0004119618088994435,-0.3086862565158375,0.0006412423071322359,-0.0003426003847492715,-0.0002097055686253409,-0.0005013121428417307,-0.0005219479261545295,-0.11843087890862924,-0.00010691717202067415,-0.06606715108745612,0.00022842495966919618,-0.0011430941272007195,0.0009531896261114198
-2.0119857833785404,-0.04579702975537977,0.00077796416207389,-0.20101144332918164,-0.043808911214678586,0.0024033631589189743,0.7807451527703322,0.35540588467727685,-0.18385690720212244,0.0014917658892991297,0.0006189659505218472,-0.021925015163823044,-0.04897095830592508,-0.0014005925764611349,-0.0009716462504832776,-0.0004614219153423434,-0.0003839788617134034,-0.14995466361876053,0.001992547559925212,0.003093435247815801
-1.404119246911353,-0.08428287756658615,-0.0030948368105299523,-0.10310652237909644,1.1863925967508904,0.7357687806636682,0.4778569464974095,0.28552725953923574,0.002029023294720011,0.0008271397467825317,-0.17663994538348948,-0.005458440441227786,0.06760842203786431,0.004650153440947728,0.0026611256024139988,-0.007999037596411672,0.0034845084009415108,0.0006951637797037585,0.19477884698812659,-0.006986909863978763
-0.005598548368488254,0.02262922379442084,-0.0005033903408393316,-0.09870970731121102,-0.2594183138554983,0.07131022056175003,-0.0008093741507081478,0.09572065742243904,0.0021536513474336816,0.00278683065717801,-0.17805006049963754,-0.10868804290947046,-0.1818607689581707,0.0037897006094248296,0.003699914288904162,-0.003083304574256852,-0.03931886195717325,-0.002731836862378663,0.17672847754609808,-0.005122646065080616
-0.001318766281054896,0.3834791242496458,-4.647428378597086e-05,-0.05263701423021629,0.7829550725482083,-0.0008447182619809831,-0.23657781066450617,0.35953182835368624,0.00024401327299699663,0.00025911431757843454,-0.11769060320696349,-0.10492715933477753,0.00030932263747730077,-0.34684917082735617,-0.0003562459628655736,0.00036137600877736935,-0.07537697451865129,-0.00015628493857494652,0.00058403951662718,-7.836968935448496e-05
-1.4174730933359994,1.233203836620226,-0.0003521602130159543,0.0005413628291493273,0.04857001842686839,-0.007184108006442464,0.5729197976898449,0.14534073685576282,0.02864185131902087,0.17849865669457832,-0.06054019852468785,0.4508174714826392,-0.02776729201847802,-0.2087335862622151,0.006229595381806295,7.061589502643553e-05,-0.043869041575413444,-0.004120422270647739,0.0006552350373241755,0.0005316358141744804
-1.3174221644517354,0.6284039991274395,-0.004027058751448468,-0.0003994220675069457,0.31927807402855995,0.3250589405577349,0.001972514148518245,0.0010347583723887054,-0.14221868403447002,0.0021481147250453953,0.40241291974272914,0.35987670644270425,-0.1881721684106059,-0.0033904973473009178,-0.004067593069746677,0.005125708621016605,0.000604804152142709,-0.001499976075199111,0.20754855641419973,0.0011948539250854484
0.004589684219335007,-0.1615713515306969,0.4679109447447318,-0.43874769084509013,-0.7689722228742055,0.3109386410499652,0.4817636386180615,0.23425480585200847,0.0015281297699184762,0.0024155687762381726,-0.0022218786743482344,-0.24347401269950375,0.3119153156160605,-0.24274685036845334,-0.09601500262362889,0.0037380221569521368,0.02843334487958884,-0.005230788496716489,0.22823072843582512,-0.001557314876086735
-0.0004461072909868731,0.5938214355323281,0.3468928817418929,-0.1660862208198825,0.27154524482599496,-0.003429078132747777,0.44662439342991445,-0.0009343433011112316,-0.00223904921272512,0.006923309473512983,-0.0031314247765165375,0.2674862349771017,0.16457758333928657,0.004564186674624108,-0.0027809777583371635,0.0028223400448122208,-0.003012291541932114,-0.0007865205183314461,0.17797254316527378,-0.0014605212776528376
-0.002230086424706858,-0.19957686276002728,0.0017918596602224924,-0.10519333423451172,0.3975835353333917,0.2844370731164042,0.5735058298324353,0.3121060607135149,-0.00163264043270517,0.001495248637446328,-0.08888938148547462,0.0005629803220236582,0.31259673317108994,-0.0014835263952942346,-0.00042687676179856203,0.003275693905238296,0.003415503170835122,-0.0007699763894037578,0.18299963794873517,0.0010222524646334996
-2.0920708351339075,-0.408202190477774,0.5421208377015712,-0.10494760549965096,0.24266192160252317,-0.0015796247319272805,-0.000508150100349428,0.003983931289287699,0.0063558486096129945,0.00311125058592764,-0.0695834970274393,-0.1412647896745414,-0.0017707203193469032,-0.2022980311840622,-0.006661326387833374,-0.00029877674677241225,-0.0012898356059306022,0.0018919934759064339,0.1498572349076247,-0.0031940798295835293
-2.1167143073708328,-0.03598730370596259,-0.003806024393617289,-0.5807135363590699,0.016343301163422502,0.45986918258813597,0.00532334688478537,0.004943441750607125,-0.41306925561983876,-0.0007059529505761467,-0.20912326756408214,-0.06949502331906185,-0.005424107121916626,0.002800685711296006,0.0004536384110903693,-0.0050767845896584635,0.0029705842130767083,0.0009171137398989518,-0.0011937295031533082,-0.0017854739642118034
-1.7946310133419807,0.8799225010944379,-0.0014194996944483882,-0.050874853298892325,0.5865212900647541,-0.00035654781952303795,-0.2367526987028818,-0.0018591179617842664,-0.1250894994744897,0.2142296782200571,0.6544013865530658,-0.043088842502734766,-0.06332582885929541,3.7858728854786586e-05,-0.14171293037553176,-0.005199451433095789,0.00417458376362228,6.585656774349413e-05,-0.001630649007419438,0.002366701960350437
-1.4774442096419094,0.0008648568184858041,0.5718390902074163,-0.07878285205458321,-0.20241090135679463,-0.005662256251177126,-0.0066249797488644405,0.4146515084626234,-9.695510703725957e-06,0.07187237360895915,-0.13271806100714323,-0.0031401049709300784,0.14285397133538363,-0.0028004023999980954,-0.004287403873262776,0.0047526159231018935,0.03727009513336947,-0.09205090058986007,0.15737026084792105,-0.004739066696389793
0.00028519801155244847,0.5299952974714418,0.3526446221256905,-0.0021011418819881253,0.33482755807145215,0.001669780177763036,0.5421904506729737,0.16937302522265926,-0.003012481476992234,-6.57898724359339e-05,-0.0030250929373867477,0.21719063733720495,0.2997281262025812,-0.00010431053137781734,0.00016723851738621417,-0.0006450208409652622,-0.04682036707887656,0.005409184357251989,0.16956351379906792,-0.0015540050256936944
-1.9502554905550273,-0.31454993456422603,0.00047597218535146146,-0.2629913916361796,0.5656193245626497,0.0013723886507542391,0.5973911365723561,0.09850809861001335,0.0012153944965812861,0.007033233725034256,0.5850836589467043,-0.001139347072149853,0.13058590387512442,0.0018929476336717824,-0.0002872081703225712,-0.0002216173642297628,-0.004590881350664146,-0.07567548987625582,-0.000996346689025888,0.0007099903999230328
-1.8840582291783334,-0.712503288273628,-0.006443812023437863,-0.0006278833327088943,0.7034184184754236,0.2779193684970478,0.0023257467827607005,0.35608007094128163,-0.11642772034883532,-0.00046260975076345705,-0.06773942214303488,0.00010380615019614909,-0.23882968651552652,-0.002143977200182091,0.005047804877251451,0.002025827118778869,0.0047628886712583396,0.0009426266893218238,0.005258306910762539,-0.003721222321888984
-1.939705263903042,0.8250970219164405,0.004119836320571888,-0.002805328035490465,0.5017507651803653,0.006351390692730895,0.5245954027575147,0.10884335952097836,0.00011062100939815684,-0.0001113386954245224,-0.0004641852086903633,0.2973696919169956,0.100128610528323,0.0017139773912515542,-0.004666979013161806,-0.005795193366492716,0.02102950087682787,-0.0043123518394920235,0.00011650677775643103,-0.010431431325758078
-0.0030826185132174916,0.9171971703480359,-0.0012248243210743626,-0.35948117962807896,0.9262884236033513,-0.00010089625155608414,0.0023423165260261316,0.2759548969037507,0.00021519264862625073,0.025430229692261424,-0.05242757002038244,-0.09095160664992491,-0.14123785251899013,-0.0019375975841905383,-0.17023133804497384,0.00397551946903736,-0.003421525454461272,0.0012989422618669422,0.0017917344735359775,-0.004556449792390893
0.0002018011659080655,0.0007019035636278148,-0.2709621601308064,-0.08881573644286515,1.278362800185176,0.00012098856398397575,-0.00036869204308326287,0.48369927528626605,-0.0001761174371278467,-0.0005759175290551149,-0.08767879325238229,-0.16442746491368798,0.06556619408493282,-0.0005811227694553273,-0.0681641382685106,-0.00042412228383516954,-0.0005604627471460388,0.0003795044778127643,0.00036579324257891843,-0.00018404719426579064
-2.051275622153724,0.0077755781930544665,0.002448383923551224,-0.0027009333372028208,0.8523778659133313,0.0012826869052127816,-0.002339250718579343,0.39620396183092493,-0.3274738789088087,0.0008770513994814397,-0.1712574867438911,0.18692854570559148,-0.22166816772966433,-0.0020847340965832136,-0.00026736934505617774,-0.001358931418869604,0.0018543796495670583,0.004273110769929752,0.0004654791578380668,0.0015007394598960389
0.0005846210900181815,-0.04623763894422704,-0.1544163331777614,-0.08110688231167532,0.3624141084158594,0.2880236861984437,-0.000501527380349769,0.39397483624396545,-0.00037841214437921725,0.0003898816494592331,-0.07284998857455226,-0.10708533834804261,-0.2664800727894454,-0.0014978509280841987,0.0009762455881060459,-0.00016118908733009403,-0.07078561857261521,0.0005036257177306028,-0.0015199940944779678,0.0006817794369635977
